TITLE,TUNECODE,ISWC,WRITER 1,WRITER 2,WRITER 3,WRITER 4,PUBLISHER 1,PUBLISHER 2,PUBLISHER 3,PUBLISHER 4,WORK STATUS,Previously distributed PRS/MCPS,Other work info,Active case indicators
AAL AYAAL, 472082HR, , Dhanya Suresh, Masala Coffee Band, , , , , , , Work Fully Documented, No/No, Film, 
AARACHAR, 757538ES, T-305.457.769-0, Anish Gopalkrishnan, Amith Bal K, Pariyadath Peethambaran, Dhanya Suresh, , , , , Work Fully Documented, No/No, Film, 
AIGIRI NANDINI - EYE FOR AN EYE, 757538KP, T-332.565.700-5, Vipinlal C K, Vian Fernandes, Ruthin Thej, Rajan K S, , , , , Work Fully Documented, No/No, Film, 
AIGIRI NANDINI - LYRIC VIDEO, 073835WK, T-304.366.141-8, Nila Madhab Mohapatra, Dhanya Suresh, Krishna S Bongane, Anish T N, Trend Music Private Limited, , , , Work Fully Documented, No/No, Film, 
AMOR, 755986LV, T-326.177.054-7, Dhanya Suresh, Faisal Razi, , , , , , , Work Fully Documented, No/No, Film, 
ANGANE CHEYYAAMODEE PENNE, 592095KU, T-318.497.459-8, Rahul Raj Thankappan, Dhanya Suresh, , , Sony Music Entertainment India Private Limited, Sony/Atv Music Publishing Llc, Sony/Atv Music Publishing (Uk) Limited, Sony Music Publishing (India) Private Limited, Work Fully Documented, No/Yes, , 
AZHAKE, 757539BV, T-332.566.086-0, Dhanya Suresh, Ratish Sekhar, , , , , , , Work Fully Documented, No/No, Film, 
CHATHE, 757538EN, T-304.366.108-7, Anish T N, Christin Hanna Jos, Amith Bal K, Anish Gopalkrishnan, , , , , Work Fully Documented, No/No, Film, 
CHOTTANIKKARA VAAZHUM, 010200UL, , Dhanya Suresh, Jaya Prakash, , , , , , , Work Fully Documented, No/No, Film, 
CHOTTANIKKARA VAAZHUM, 010591RG, T-340.395.399-7, Dhanya Suresh, , , , , , , , Work Fully Documented, No/No, Film, 
EE PENMANE, 013000WA, , Dhanya Suresh, Nidhin Jo Jacob, , , , , , , Work Fully Documented, No/No, Film, 
FISH ROCK, 757538HV, T-304.366.147-4, Ruthin Thej, Rajan K S, Christin Hanna Jos, Anish T N, , , , , Work Fully Documented, No/No, Film, 
GIDDH, 611162EN, , Govind P Menon, Mithun Raju, Suriya Jogi, Dhanya Suresh, Merchant Records Private Limited, Sony/Atv Music Publishing (Uk) Limited, Warner Chappell Music Ltd, , Work Fully Documented, Yes/Yes, , 
GIDDH, 019359RL, , Dhanya Suresh, Thaikkudam Bridge, Suriya Jogi, , Merchant Records Private Limited, Warner Music India Private Limited, Warner Chappell Music Ltd, , Work Fully Documented, No/No, , 
GURUGANAPATHI, 010227VG, T-306.774.797-7, Rajeev Alunkal, Dhanya Suresh, , , , , , , Work Fully Documented, No/No, Film, 
HARIMURALIKA, 010200SK, T-306.774.751-3, Rajeev Alunkal, Dhanya Suresh, , , , , , , Work Fully Documented, No/No, Film, 
"JESSY'S CAGE", 757539BW, , Anila Rajeev, Ratish Sekhar, Dhanya Suresh, , , , , , Work Fully Documented, No/No, Film, 
JYOTHIYEZHUM KARA, 010200VF, , Jaya Prakash, Dhanya Suresh, , , , , , , Work Fully Documented, No/No, Film, 
KAADUM MALAYUM - FEAT RAKESH CHAURASIA, 757672AU, T-305.457.730-5, Dhanya Suresh, Vipinlal C K, Hemanth K, Christin Hanna Jos, , , , , Work Fully Documented, No/No, Film, 
KAALAM POYA, 757538KU, T-332.566.014-4, Dhanya Suresh, Govind Vasantha, , , , , , , Work Fully Documented, No/No, Film, 
KAANA DOORAM, 013000NH, T-340.467.996-1, Dhanya Suresh, Sooraj S Kurup, , , , , , , Work Fully Documented, No/No, Film, 
KAANA VAATHIL KANNORAM, 757538LQ, , Dhanya Suresh, Adarsh Nair Nandanam, , , , , , , Work Fully Documented, No/No, Film, 
KAATHE KAALAM, 013000PG, T-334.854.377-7, Dhanya Suresh, Sooraj S Kurup, , , , , , , Work Fully Documented, No/No, Film, 
KADALAYI, 013000PA, T-334.457.516-8, Dhanya Suresh, Sooraj S Kurup, , , , , , , Work Fully Documented, No/No, Film, 
KAI NIRAYE, 010228PF, T-340.380.954-7, Dhanya Suresh, , , , , , , , Work Fully Documented, No/No, Film, 
KALLIYANKATT NEELI - FEAT PANDIT VISHWA MOHAN BHATT, 757672AN, T-304.366.136-1, Anish Gopalkrishnan, Amith Bal K, Pariyadath Peethambaran, Dhanya Suresh, , , , , Work Fully Documented, No/No, Film, 
KALYANAMANE, 755984DN, , Dhanya Suresh, Unknown Composer Author, Rajat Prakash, , , , , , Work Fully Documented, No/No, Film, 
KANDOR KAANATTE, 755984CR, , Rajat Prakash, Unknown Composer Author, Dhanya Suresh, , , , , , Work Fully Documented, No/No, Film, 
KANDU NEE ENNE, 473041GP, , Dhanya Suresh, Abhinav Bansal, , , , , , , Work Fully Documented, No/No, Film, 
KANMANI (MALE VERSION), 757539CM, T-332.566.019-9, Dhanya Suresh, Ratish Sekhar, , , , , , , Work Fully Documented, No/No, Film, 
KANNE - FEAT ANANDRAJ BENJAMIN PAUL, 757671HS, T-305.457.778-1, Dhanya Suresh, Amith Bal K, Pariyadath Peethambaran, Ruthin Thej, , , , , Work Fully Documented, No/No, Film, 
KANNIL KANNIL, 755986KS, T-332.549.474-0, Rajat Prakash, Dhanya Suresh, , , , , , , Work Fully Documented, No/No, Film, 
KANTHURANNU, 636150CS, T-325.941.789-1, Dhanya Suresh, Arun Muraleedharan, , , Spi Music Pvt Ltd, , , , Work Fully Documented, Yes/No, Film, 
KREEDAYAM, 882627KM, T-336.074.343-3, Govind Vasantha, Dhanya Suresh, , , Spi Music Pvt Ltd, , , , Work Fully Documented, No/No, Film, 
MAHADEVA, 939862BN, T-340.467.994-9, Dhanya Suresh, Govind P Menon, , , Spi Music Pvt Ltd, , , , Work Fully Documented, No/No, Film, 
MANASSIL NJANANO, 757539BU, T-332.566.048-4, Dhanya Suresh, Rajat Prakash, , , , , , , Work Fully Documented, No/No, Film, 
MAZHAVILLAZHAKIL, 013001PG, , Dhanya Suresh, Rahul Raj, Sriram Sriram, K S Usha, , , , , Work Fully Documented, No/No, Film, 
NAADABRAHAMAME, 010200WG, , Jaya Prakash, Dhanya Suresh, , , , , , , Work Fully Documented, No/No, Film, 
NAMASTHE MAHADEVA, 010200WB, , Dhanya Suresh, Jaya Prakash, , , , , , , Work Fully Documented, No/No, Film, 
NAMASTHE MAHASAKTHI, 010200WD, , Dhanya Suresh, Jaya Prakash, , , , , , , Work Fully Documented, No/No, Film, 
NAMASTHE PARABRAHMA, 010200WF, , Jaya Prakash, Dhanya Suresh, , , , , , , Work Fully Documented, No/No, Film, 
NEE ARIYATHORU NAAL, 013000NA, , Dhanya Suresh, Rahul Raj, , , , , , , Work Fully Documented, No/No, Film, 
NEEYE BHOOVIN, 757539BM, T-304.366.153-2, Dhanya Suresh, Sooraj S Kurup, , , , , , , Work Fully Documented, No/No, Film, 
NERAMILLAA NERAM, 926198CR, , Dhanya Suresh, Dinu Mohan, , , The Malayala Manorama Co Pvt Ltd, , , , Work Fully Documented, No/No, Film, 
NERIYE, 013000QG, T-334.041.740-1, Dhanya Suresh, Sooraj S Kurup, , , , , , , Work Fully Documented, No/No, Film, 
NIRA NIRAYE, 013000MK, , Dhanya Suresh, Rahul Raj, , , , , , , Work Fully Documented, No/No, Film, 
NITHYA SATHYAMAM, 010227WB, T-306.774.726-2, Dhanya Suresh, Rajeev Alunkal, , , , , , , Work Fully Documented, No/No, Film, 
OM PARAMAMBIKE, 010200WK, , Dhanya Suresh, Jaya Prakash, , , , , , , Work Fully Documented, No/No, Film, 
OM SIVASANKARA, 010227VA, , Dhanya Suresh, Jaya Prakash, , , , , , , Work Fully Documented, No/No, Film, 
ONE, 757538CU, T-332.565.922-7, Dhanya Suresh, Vipinlal C K, Anish Gopalkrishnan, Anish T N, , , , , Work Fully Documented, No/No, Film, 
ORA JUPU - REVIVAL, 013000NB, , Rahul Raj, Dhanya Suresh, S Rafeeq Ahmed, , , , , , Work Fully Documented, No/No, Film, 
OTTAYAAN, 013000PE, , Varun Sunil, Dhanya Suresh, , , , , , , Work Fully Documented, No/No, Film, 
PARANNU VAA, 013000NL, T-340.467.997-2, Dhanya Suresh, Sai Prakash, , , , , , , Work Fully Documented, No/No, Film, 
PARASSINIPPURA VAAZHUM, 010227WL, T-306.774.569-7, Rajeev Alunkal, Dhanya Suresh, , , , , , , Work Fully Documented, No/No, Film, 
PARASSINIPPUZHA, 010228MB, T-306.774.621-4, Rajeev Alunkal, Dhanya Suresh, , , , , , , Work Fully Documented, No/No, Film, 
PENNE PENNE, 939573AM, , Abhinav Bansal, Dhanya Suresh, , , Trend Music Private Limited, Sentric Music Limited, , , Work Fully Documented, No/No, , 
POLIKA POLIKA, 852873LV, T-324.405.688-6, Rahul Raj, Dhanya Suresh, , , The Malayala Manorama Co Pvt Ltd, , , , Work Fully Documented, No/No, Film, 
POOCHI, 755986KQ, T-332.549.502-7, Rajat Prakash, Dhanya Suresh, , , , , , , Work Fully Documented, No/No, Film, 
POOVITHALALLE, 627062AU, , Dhanya Suresh, Gayathri Suresh, , , Super Cassettes Industries Ltd, , , , Work Fully Documented, No/Yes, , 
PUSHPAKA VIMANAM MOTION POSTER THEME, 755987KN, , Dhanya Suresh, Rahul Raj, Unknown Composer Author, , , , , , Work Fully Documented, No/No, , 
RAAMA RAGHAVA, 010201MF, , Jaya Prakash, Dhanya Suresh, , , , , , , Work Fully Documented, No/No, Film, 
RAGHUKULAPATHI, 010201NA, , Dhanya Suresh, Jaya Prakash, , , , , , , Work Fully Documented, No/No, Film, 
RAGHUVAMSOTHAMA, 010201NG, , Jaya Prakash, Dhanya Suresh, , , , , , , Work Fully Documented, No/No, Film, 
SARANAME SARANAME SARANAM AYYANE - MALAYALAM, 590849GW, T-321.752.105-2, Dhanya Suresh Menon, Govind Vasantha, , , Tips Industries Ltd, Sony/Atv Music Publishing Llc, Sony/Atv Music Publishing (Uk) Limited, Sony Music Publishing (India) Private Limited, Work Fully Documented, Yes/Yes, , 
SHIV TAANDAV, 757538LM, , Ragini Bhagwat, Govind P Menon, Dhanya Suresh, , , , , , Work Fully Documented, No/No, Film, 
SIVASAMBHO, 010201SK, , Jaya Prakash, Dhanya Suresh, , , , , , , Work Fully Documented, No/No, Film, 
SREE RAMA RAMA, 010201PK, , Dhanya Suresh, Jaya Prakash, , , , , , , Work Fully Documented, No/No, Film, 
SREE RAMACHANDRAM, 010201SA, , Jaya Prakash, Dhanya Suresh, , , , , , , Work Fully Documented, No/No, Film, 
SREEKANDESWARA PAAHI, 010227UC, , Jaya Prakash, Dhanya Suresh, , , , , , , Work Fully Documented, No/No, Film, 
TEHQEEK, 755987KQ, , Govind Vasantha, Dhanya Suresh, Unknown Composer Author, , , , , , Work Fully Documented, No/No, Film, 
THANDAANO, 755987CR, , Dhanya Suresh, Unknown Composer Author, Ratish Sekhar, , , , , , Work Fully Documented, No/No, Film, 
THEERAM, 611176LW, , Dhanya Suresh Menon, Simmo, Sayooj Ramachandran, , Divo Tv Private Limited, Sony/Atv Music Publishing (Uk) Limited, , , Work Fully Documented, Yes/No, , 
THEEVANDI, 013001QG, T-304.366.114-5, Vipinlal C K, Vian Fernandes, Ruthin Thej, Rajan K S, , , , , Work Fully Documented, No/No, Film, 
VARACHANDRAPRABHA CHOOZHUM, 010227UF, , Dhanya Suresh, Jaya Prakash, , , , , , , Work Fully Documented, No/No, Film, 
VARADAAYIKE, 010201MB, , Jaya Prakash, Dhanya Suresh, , , , , , , Work Fully Documented, No/No, Film, 
VARAHANUMATHE, 010201SG, , Dhanya Suresh, Jaya Prakash, , , , , , , Work Fully Documented, No/No, Film, 
VARAMARULUKA, 010227UH, , Jaya Prakash, Dhanya Suresh, , , , , , , Work Fully Documented, No/No, Film, 
VELIPPADU CHOLLI, 010228MH, T-306.774.609-8, Dhanya Suresh, Rajeev Alunkal, , , , , , , Work Fully Documented, No/No, Film, 
VICHITHRAM SUCHITHRAM, 555149DS, T-306.774.728-4, Rajeev Alunkal, Dhanya Suresh, , , Sony Music Entertainment India Private Limited, Sony/Atv Music Publishing Llc, Sony/Atv Music Publishing (Uk) Limited, Sony Music Publishing (India) Private Limited, Work Fully Documented, No/No, , 
VILLEDU AMBEDU, 010228NB, T-306.774.812-9, Rajeev Alunkal, Dhanya Suresh, , , , , , , Work Fully Documented, No/No, Film, 
VIRAL THODUM, 013000ML, , Rahul Raj, Dhanya Suresh, , , , , , , Work Fully Documented, No/No, Film, 
